model,accuracy,precision,recall,f1,roc_auc
Logistic Regression,0.9993275166396524,0.9402985074626866,0.6428571428571429,0.7636363636363637,0.9926915045415706
Random Forest,0.9996378935751974,0.963855421686747,0.8163265306122449,0.8839779005524862,0.9893040088772831
